Age,BMI,Blood Pressure,Cholesterol,Physical Activity,Smoking Status,Diet Quality,Family History,Income,Education Level
63,29.6,117,229,3,1,1,0,58698.47198301401,2
64,27.1,127,215,3,1,1,1,60704.007865239735,2
66,27.6,138,228,4,1,0,0,46359.93581119616,1
66,28.8,135,236,4,1,1,1,65760.37994398619,1
74,28.1,148,243,3,1,1,0,59230.5111313141,2
56,25.0,143,240,3,0,1,0,52789.77025278266,1
46,28.0,176,260,4,1,1,0,69708.84055711955,2
56,27.1,135,229,3,1,1,1,50676.34398697648,2
63,26.0,143,247,2,1,1,0,45352.80943930399,1
69,26.5,131,190,4,1,1,1,63125.50347913,2
31,30.9,145,218,4,1,1,1,40350.73043203771,2
41,28.1,155,206,3,1,1,0,36472.88238364375,1
35,29.7,151,206,3,1,1,0,42945.18443313827,2
59,30.3,145,217,2,1,1,1,62492.93566847697,1
58,22.1,138,220,3,1,1,1,55587.88687163137,2
67,27.8,145,202,4,1,2,0,70631.92137414418,2
54,32.0,120,230,4,1,2,1,43664.66192536864,2
50,28.3,113,225,3,1,1,0,39544.51567877404,2
62,30.7,131,188,4,1,1,0,65537.7969326815,2
44,31.1,145,224,4,1,1,0,46616.223399876566,2
48,25.3,147,276,4,0,1,1,51805.83756970312,2
75,23.0,170,206,3,1,1,0,65720.36821084624,2
55,25.0,149,258,3,1,1,1,70612.98872165792,1
70,26.6,120,217,3,1,1,0,52693.69905049181,2
62,31.4,160,239,2,1,1,1,69889.48196492507,2
58,30.8,144,244,4,1,1,0,49240.44060706184,2
57,33.6,128,224,3,1,1,1,75469.02160114568,3
43,27.2,138,199,5,1,1,0,44285.41183699753,2
57,31.0,143,214,2,2,1,0,55894.53263358955,2
72,32.6,121,232,2,1,1,1,92135.20751681773,2
67,31.9,108,208,6,1,1,0,54724.205427284345,2
69,27.9,127,205,4,1,1,1,45880.2744258428,2
55,40.0,166,220,5,1,1,0,58280.912119304296,2
53,26.9,151,252,4,0,0,1,58758.26766793894,1
60,28.2,126,244,3,2,1,0,56510.03873178528,2
61,25.4,141,209,3,1,1,1,65156.17833981679,2
62,26.8,135,207,3,1,2,0,55990.42321355733,1
52,36.6,163,220,2,1,1,0,56535.42171134243,1
74,22.3,143,185,4,1,1,1,66094.40732592045,2
58,27.5,106,244,3,1,1,0,63790.10007823663,2
68,31.9,131,205,5,1,1,0,42309.41054851859,2
51,28.4,164,240,3,1,2,0,65045.47640800669,2
62,28.7,139,199,3,1,1,0,47744.5869949543,2
72,22.8,137,242,1,1,1,1,42344.07554418506,1
42,31.2,170,188,2,1,1,0,42255.14934059508,1
74,30.0,128,217,5,1,1,0,33131.596703765754,2
51,35.4,130,232,4,1,1,1,72275.28113322586,2
65,27.5,128,218,4,1,1,0,40336.975321706734,2
42,34.6,142,224,3,1,1,1,70866.44077147431,2
56,29.3,98,197,4,2,1,1,50990.08654218599,2
51,33.3,146,245,3,1,1,1,63507.7944282078,2
62,29.9,136,225,2,0,1,0,38673.73843724868,1
65,27.8,117,178,4,2,1,1,51111.34903352036,2
69,27.2,135,224,3,1,2,0,56137.77569026453,2
55,32.0,130,247,4,1,1,0,37742.25428911121,2
67,27.5,126,204,4,1,1,0,58291.5432709028,1
56,29.1,135,231,4,1,1,1,46643.55592234993,2
83,27.1,125,232,3,1,1,0,52721.99410644526,0
44,32.1,130,225,4,1,1,0,59977.59058884765,2
70,26.5,101,156,5,2,1,0,41653.424439397255,2
63,22.4,148,248,2,1,0,1,42485.48848203319,2
68,28.5,141,207,3,1,1,0,35707.14219168013,1
54,30.2,135,207,4,1,1,1,56628.074189612606,1
54,33.8,140,202,4,1,1,0,66040.14120621739,1
73,33.4,124,227,3,0,1,0,69926.2886776618,2
57,25.9,137,238,4,1,2,1,49336.71393562656,2
52,31.0,151,233,4,1,1,0,50052.697726240425,1
64,29.5,115,235,5,1,1,1,45644.41341382601,1
73,24.1,132,242,3,1,1,0,47583.18774162732,2
52,31.4,155,201,3,1,1,1,51142.02325271662,1
80,23.2,124,235,1,1,1,1,51743.66807843765,2
81,26.6,117,228,1,1,1,1,63579.68057053661,1
74,29.2,111,207,4,1,1,0,51417.33379599442,2
55,29.4,154,190,4,1,1,0,42744.10983490721,1
36,33.5,138,209,4,0,1,0,53511.34673236913,0
71,26.6,123,217,4,1,1,0,46440.07625064724,3
60,27.6,139,235,2,1,1,1,55695.8062341044,2
45,28.0,134,210,3,1,1,0,46756.75471223448,2
54,29.6,137,225,4,1,1,1,62441.92805712698,2
73,25.9,120,206,3,1,1,1,61204.0970726467,3
67,31.5,112,217,5,1,1,0,41565.8894441745,1
46,22.0,158,190,2,2,1,0,43892.97551005558,1
49,26.4,127,240,3,1,1,1,59461.1646846007,2
57,26.4,140,260,2,1,1,0,46285.90846184903,2
37,30.0,163,192,4,1,1,0,34085.48620365734,1
73,21.5,137,202,2,1,1,0,39914.33426116253,1
63,34.5,142,237,4,1,0,1,69005.994750871,2
55,27.3,155,226,3,1,1,1,64394.13946767744,2
67,25.9,146,233,5,1,1,0,24207.741482011144,3
71,27.5,120,214,4,1,1,1,52916.02064055474,2
38,29.6,168,208,3,1,1,1,38718.90866660308,1
56,25.2,153,231,4,0,0,1,48188.45503588514,1
66,26.2,127,169,5,1,1,1,63760.134209644304,3
50,29.3,97,215,4,1,1,1,39767.22844576474,2
66,25.4,126,206,2,1,1,0,59387.21791512932,2
61,28.7,135,234,1,1,1,1,62145.03752586751,2
59,26.7,145,238,4,1,1,0,59904.19439636121,2
59,33.0,109,222,4,1,0,0,43810.12972739413,1
82,30.3,100,199,3,2,1,0,52584.05708576218,2
57,29.0,116,209,3,1,1,0,64496.69607879542,2
42,34.4,154,237,3,1,1,1,61009.14852610586,2
58,34.5,144,216,5,0,1,0,64217.041348852006,1
59,29.4,123,192,4,1,1,1,56549.84377984325,2
54,32.1,134,242,3,1,1,0,43852.19071400615,2
71,28.0,109,199,4,1,1,1,56991.53504816371,2
67,28.3,91,207,4,2,1,1,48453.45433155928,2
61,27.1,141,231,2,2,1,0,49123.67109400848,2
69,26.4,130,227,1,1,1,1,58511.54168019778,2
52,23.3,153,229,3,1,1,0,69892.80215992732,2
52,27.2,121,217,4,1,1,0,59778.55977662962,2
65,25.4,140,206,3,1,1,0,60290.87121188875,2
62,26.6,166,232,3,0,1,0,45060.56571066831,1
79,27.5,139,222,2,1,1,0,62058.28490559531,1
46,25.1,117,229,3,1,1,0,45571.65338426063,2
41,32.3,150,202,3,1,1,0,43121.9964219882,1
62,34.0,123,228,3,1,1,0,72996.54123211284,2
70,29.3,121,192,2,1,1,0,71138.4600456243,1
59,30.5,144,245,5,1,1,0,50518.28958665661,2
65,26.7,130,238,2,1,1,0,58264.45119635675,2
56,32.4,133,223,1,1,1,0,59061.95866613937,2
47,31.9,142,229,3,1,1,1,64947.989153395,2
56,32.5,143,219,2,1,1,1,54988.37684988762,1
53,34.2,163,190,5,1,1,0,51372.465421618166,1
62,28.5,123,217,3,1,1,0,56894.1196249597,1
68,28.4,168,231,2,1,1,1,71258.35001201996,2
66,26.4,156,184,4,1,1,0,69648.30635410003,2
79,30.6,135,208,4,2,1,0,76023.42088016268,2
52,29.0,159,205,4,2,1,0,44603.85521164293,1
70,30.4,125,192,5,1,1,1,52406.13341687279,2
63,27.2,139,215,4,1,1,0,57136.3563275264,2
67,27.2,120,250,3,1,1,1,61102.039352211614,1
63,26.3,110,263,4,1,1,0,20000.0,2
57,25.8,150,215,3,2,1,1,46135.6536029882,2
55,31.1,129,223,3,1,1,1,68354.51947724979,2
52,29.8,147,183,3,1,1,0,51693.17925141478,1
52,27.2,150,254,5,0,0,1,44833.66007949107,2
47,27.9,156,184,4,1,1,0,44761.24692552406,1
53,27.0,143,216,4,1,1,0,54917.20011198374,2
57,30.1,129,247,4,1,1,0,53552.3974074818,2
65,27.5,113,173,4,1,2,1,67471.45985545202,3
59,28.7,151,230,2,1,1,1,59152.75661776664,2
81,22.5,147,199,2,1,1,1,60599.98564300039,2
71,26.0,134,221,1,1,2,1,52288.54682590628,2
75,23.9,114,204,2,1,1,0,46568.99419778591,2
65,21.0,141,192,3,1,1,1,60515.337442639066,2
50,33.3,147,238,2,1,1,1,65099.2779693412,2
57,29.3,109,218,3,1,1,1,41926.17377036651,2
43,21.7,171,274,4,0,1,1,61636.20546386307,2
58,28.9,127,226,2,1,1,0,48493.43300728424,1
69,24.0,136,210,3,1,1,0,46020.46010629166,2
69,25.2,151,218,2,1,1,1,69826.98915204455,1
62,30.7,139,197,4,1,1,0,65753.10693682556,2
58,27.2,124,180,3,2,1,1,72899.69597176654,2
59,34.0,106,225,4,1,2,1,39432.06095467784,2
71,24.2,144,184,4,1,1,1,52035.66744261031,2
58,34.1,112,217,4,1,1,1,48032.30851480937,2
64,26.6,135,216,3,1,1,0,54335.8654242209,2
62,24.9,138,237,4,1,1,0,50786.3843770125,2
59,26.9,110,193,4,2,1,1,52376.44796051619,2
62,28.8,112,209,4,1,1,0,62189.01792734382,2
59,32.1,121,226,4,1,1,0,62760.52018322602,2
60,32.0,157,228,4,1,1,0,68313.01112460013,2
61,30.9,131,239,4,0,1,0,58010.97277264024,2
54,28.2,153,226,1,2,1,1,46750.756706073546,2
54,23.2,171,249,4,1,1,0,49751.550216831805,2
49,33.8,177,244,4,1,0,1,71334.90617171991,2
63,25.3,126,232,3,1,1,1,40401.9183639156,1
63,27.8,144,214,3,1,1,0,77316.32434768372,1
71,25.6,128,219,3,1,1,0,39734.33629223752,2
60,28.9,132,245,1,1,1,1,52103.276554390206,1
57,31.0,149,195,5,1,1,0,52792.58304029063,1
67,24.3,128,181,3,1,1,1,61440.62984203607,2
45,24.0,132,196,4,1,1,0,41858.838458874365,2
59,25.1,169,259,2,1,1,0,74566.5056428249,1
58,23.1,174,256,1,1,1,0,55141.34588698251,2
64,28.8,146,223,5,1,0,0,48252.132477727966,1
86,20.5,139,189,3,1,1,1,57238.629079542334,2
54,30.8,154,215,3,0,1,0,70511.0048483387,1
66,23.7,137,235,3,1,1,0,36962.62058731627,2
62,23.6,131,202,3,1,1,1,64772.963821878206,3
73,33.4,160,227,4,1,1,0,80696.7819495211,2
70,33.1,117,222,3,1,1,0,33949.68210410616,1
54,29.5,150,202,4,1,1,0,45148.41869301205,2
74,27.3,149,215,3,1,1,0,52973.31744850544,1
57,29.9,138,244,5,1,1,1,59169.27763919519,2
57,22.7,159,243,3,1,1,0,51320.22545678346,2
56,28.1,132,241,5,1,0,0,56223.22156047338,1
55,27.2,148,240,2,1,1,1,47075.74744865095,1
69,26.5,117,224,3,1,1,0,52214.26746878612,2
54,28.6,149,254,2,1,2,0,66199.42539092287,2
54,30.0,142,243,4,1,1,0,56331.78473792979,2
68,28.2,156,251,2,1,1,1,50934.710059855846,2
67,30.1,113,219,3,0,1,0,53086.84690776296,2
65,31.6,163,254,2,1,1,1,76027.68262875784,3
58,26.0,158,228,3,1,1,0,62653.23384389743,2
52,24.7,140,202,4,1,1,0,41317.8213776795,2
46,29.3,137,207,3,1,1,0,54311.37965817267,2
78,24.8,134,188,4,1,1,1,58623.276653926296,2
57,27.1,146,224,2,1,1,0,58872.24570708565,1
60,29.1,139,204,5,1,1,0,55594.46595938787,2
60,27.8,159,221,2,1,1,0,65622.10251340235,2
63,29.4,142,206,4,1,1,0,56636.071795314114,2
27,30.4,164,194,5,1,1,1,34015.41862810202,1
60,31.1,146,238,5,1,1,0,36821.46668845103,3
52,25.9,127,239,2,1,1,1,49938.39796439644,2
59,29.5,149,240,4,1,1,0,43196.09590549022,2
48,31.9,148,219,3,1,1,0,44227.41571774654,2
54,26.3,146,248,4,1,1,1,54553.80457415604,1
52,30.7,146,204,4,1,1,0,42617.6716308614,1
56,21.9,138,259,3,1,1,1,65323.39751845643,2
64,27.8,143,230,2,1,1,0,65018.15783990848,2
56,29.7,142,202,4,1,1,0,49633.08817752446,1
60,32.7,126,227,2,1,1,0,54532.87776767267,2
40,27.4,132,205,4,1,1,0,45264.30402602624,2
59,32.5,152,208,4,1,1,0,42735.25526209228,2
80,26.4,123,196,2,1,1,0,47085.97557284238,1
56,28.4,144,227,4,1,1,0,60555.13783906637,2
66,30.4,124,201,4,1,2,0,69703.91698518346,1
63,28.0,130,186,4,1,2,0,58567.54007513535,2
71,25.7,99,225,4,1,1,1,40057.05838847754,2
76,23.9,136,193,4,1,1,0,47569.727479095,2
64,22.4,146,207,4,1,2,0,75240.25858552245,2
77,24.7,134,175,4,1,1,0,48070.95501652733,2
77,27.5,122,187,4,1,1,0,24683.883941139982,2
55,28.0,121,231,3,1,1,0,51282.21969337876,2
51,27.7,157,202,3,1,1,0,34283.587760733215,1
67,32.3,129,225,3,0,1,0,56590.74015105437,1
58,32.9,143,215,3,1,1,0,65856.41282024454,1
56,32.1,132,227,3,1,1,1,53330.43123505658,1
67,29.3,142,189,5,1,2,1,51832.012566554185,2
66,28.9,177,249,2,1,1,1,66151.30308832122,3
62,26.6,156,236,2,1,1,1,72246.10499804869,2
77,25.9,108,183,3,1,1,0,57550.34582072921,1
57,27.9,105,197,4,1,2,1,48615.496451785824,2
68,27.6,116,222,3,1,1,0,43063.49767678027,2
45,30.5,138,220,3,1,1,1,52030.49523574774,2
65,24.9,141,212,4,1,1,1,50727.60860813337,2
64,29.6,123,249,4,1,1,1,39430.90397501533,1
52,21.3,153,252,4,1,0,1,45856.714732199136,2
62,25.6,122,221,3,1,1,0,45626.34665856381,2
81,25.5,129,245,2,1,1,1,52004.99158771506,1
53,30.1,171,250,5,1,1,0,64228.500498696136,2
68,31.4,108,248,4,2,1,1,84120.87389489776,2
56,29.6,141,233,4,0,1,0,54063.15007640586,2
72,30.0,129,225,3,1,1,0,64727.09814134657,1
74,31.5,139,237,3,1,1,1,95991.14245030272,3
61,26.8,132,203,4,1,1,0,53064.065035143256,2
47,23.5,137,193,4,1,1,0,53434.5469899625,2
66,28.8,138,229,2,1,1,1,67886.94097073696,2
62,24.4,138,207,3,1,1,1,58622.90760220204,2
52,25.1,140,246,2,1,1,1,41226.27085956058,2
63,27.9,157,246,0,1,1,1,59765.45607594531,2
68,22.4,141,258,2,1,0,1,54219.67519063571,2
68,23.0,138,230,2,1,1,0,67084.06358420495,2
50,23.7,125,172,5,1,1,0,51370.88201431836,2
58,28.4,139,179,6,1,1,0,59747.52252254263,2
50,25.6,156,262,3,1,1,1,64236.600239221305,1
81,23.5,148,215,3,1,1,0,63971.58341352338,2
54,32.3,140,222,3,1,1,0,58682.24429152112,2
57,28.7,120,217,3,1,2,1,55655.80224335555,2
46,25.4,138,236,5,0,1,1,60494.01123187859,2
63,18.5,146,225,2,1,1,1,73003.97863877348,2
60,25.6,164,248,3,1,1,0,58216.99215347507,2
47,31.0,128,208,4,1,1,0,59611.39707608407,2
60,32.6,126,234,3,1,1,1,63840.70397018997,2
64,30.7,116,208,3,1,1,0,78694.68091416982,2
65,32.0,156,244,4,0,1,0,55003.07531885548,1
70,24.7,164,234,2,1,1,1,71232.34465889214,2
70,29.1,101,172,4,2,1,1,65435.37095748105,3
65,26.5,122,175,4,2,1,1,73678.01212761819,2
57,28.2,147,241,3,1,1,0,67591.77557062104,1
76,26.2,132,183,3,1,2,0,36718.50613070943,3
70,30.1,127,224,2,1,1,1,63451.39548354134,2
56,25.1,142,225,3,0,1,1,80314.05990487844,1
63,29.2,156,236,3,1,1,1,68717.80861060583,2
43,31.9,148,208,5,1,1,1,42419.73430189219,1
72,29.1,134,206,5,1,1,0,53221.86386058736,2
48,28.6,115,241,3,1,1,1,48172.08033938392,2
64,23.5,130,204,3,1,1,1,58109.08006341741,2
45,27.3,145,200,3,1,1,1,56571.04022031916,2
47,33.0,147,233,1,2,1,0,66191.81895985392,2
75,29.2,125,228,2,1,1,1,55427.93661892312,1
63,28.0,154,211,2,1,1,0,68739.2212348663,2
67,29.0,133,233,2,1,1,1,72473.61543203534,2
47,27.2,109,234,3,1,1,1,43297.87973075228,2
42,34.1,148,222,5,1,1,0,60983.93787543801,1
51,25.6,161,243,3,1,1,0,67255.0724940387,2
74,26.0,130,216,2,1,1,0,56409.58065211799,1
53,33.6,176,167,4,1,1,1,47832.72262852832,1
52,34.0,148,221,3,1,1,0,73633.48624967525,2
50,24.8,109,240,3,1,1,0,43571.91504062746,2
66,28.2,126,228,1,1,1,1,70422.95062709536,3
58,25.1,151,234,2,1,1,0,50622.92485121952,1
61,29.6,128,218,4,1,1,1,50169.80658941669,2
87,27.4,132,236,2,1,1,1,74471.59948715291,2
58,29.6,134,213,3,1,1,0,56324.50355612577,2
77,23.7,137,184,4,1,1,0,27631.7665280527,3
76,29.6,115,195,4,1,1,0,49628.1480719642,2
37,30.5,153,195,3,1,1,0,43901.35194752722,1
53,32.0,122,237,5,0,1,1,57240.344807680536,1
